{"stats":{"minecraft:mined":{"alexsmobs:leafcutter_anthill":1,"projectvibrantjourneys:rocks":1,"psg:sulphur_ore":7,"minecraft:crafting_table":1,"projectvibrantjourneys:twigs":2,"minecraft:grass_block":7,"minecraft:melon":9,"minecraft:jungle_planks":1,"minecraft:jungle_log":3,"minecraft:tall_grass":1,"minecraft:lily_pad":1,"minecraft:moss_block":1,"projectvibrantjourneys:light_brown_bark_mushroom":1,"minecraft:tall_seagrass":1,"minecraft:coarse_dirt":1,"minecraft:mangrove_leaves":11,"minecraft:grass":8,"projectvibrantjourneys:short_grass":1,"projectvibrantjourneys:jungle_hollow_log":1,"minecraft:dirt":18,"minecraft:mangrove_log":6,"minecraft:stone":16,"minecraft:oak_leaves":1,"minecraft:fern":2},"minecraft:killed":{"minecraft:frog":1,"minecraft:zombie":3,"alexsmobs:leafcutter_ant":2,"minecraft:ocelot":1},"minecraft:crafted":{"minecraft:crafting_table":2,"minecraft:wooden_pickaxe":1,"minecraft:furnace":1,"minecraft:mangrove_planks":24,"minecraft:stone_axe":1,"minecraft:jungle_planks":14,"minecraft:stick":8,"minecraft:stone_pickaxe":1,"minecraft:stone_sword":1},"minecraft:dropped":{"minecraft:wheat_seeds":3,"projectvibrantjourneys:light_brown_bark_mushroom":1},"minecraft:used":{"projectvibrantjourneys:rocks":1,"minecraft:stone_pickaxe":18,"minecraft:mangrove_planks":2,"minecraft:wooden_pickaxe":5,"minecraft:brown_mushroom":1,"minecraft:dirt":10,"minecraft:crafting_table":1,"minecraft:jungle_planks":3,"minecraft:jungle_sapling":1,"minecraft:melon_slice":21,"minecraft:bread":5,"marbledsarsenal:police_baton":19,"minecraft:stone_axe":25,"alexsmobs:animal_dictionary":1},"minecraft:picked_up":{"minecraft:coarse_dirt":1,"minecraft:crafting_table":1,"minecraft:jungle_log":3,"minecraft:brown_mushroom":1,"minecraft:lily_pad":1,"projectvibrantjourneys:rocks":1,"minecraft:dirt":20,"minecraft:bone":1,"minecraft:wheat_seeds":3,"projectvibrantjourneys:jungle_hollow_log":1,"minecraft:jungle_sapling":1,"minecraft:moss_block":1,"minecraft:melon_slice":44,"minecraft:mangrove_log":6,"projectvibrantjourneys:light_brown_bark_mushroom":1,"minecraft:stick":5,"minecraft:jungle_planks":1,"psg:sulphur":27,"pointblank:gunmetal_nugget":5,"minecraft:spider_eye":1,"minecraft:rotten_flesh":4,"projectvibrantjourneys:orange_bark_mushroom":1,"minecraft:cobblestone":16},"minecraft:custom":{"minecraft:mob_kills":7,"minecraft:interact_with_crafting_table":5,"minecraft:damage_dealt_resisted":41,"minecraft:leave_game":2,"minecraft:time_since_death":57758,"minecraft:climb_one_cm":2707,"minecraft:time_since_rest":57797,"minecraft:sprint_one_cm":81946,"minecraft:damage_taken":764,"minecraft:walk_one_cm":32080,"minecraft:drop":4,"minecraft:damage_dealt":1256,"minecraft:swim_one_cm":18444,"minecraft:fly_one_cm":78902,"minecraft:crouch_one_cm":2524,"minecraft:play_time":75177,"minecraft:deaths":1,"minecraft:sneak_time":1602,"minecraft:walk_under_water_one_cm":2300,"minecraft:jump":541,"minecraft:walk_on_water_one_cm":21742,"minecraft:total_world_time":75177,"minecraft:fall_one_cm":12756},"minecraft:killed_by":{"minecraft:zombie":1}},"DataVersion":3465}