{"stats":{"minecraft:mined":{"minecraft:mangrove_log":6,"minecraft:mangrove_leaves":11},"minecraft:crafted":{"minecraft:mangrove_planks":4},"minecraft:used":{"alexsmobs:animal_dictionary":1},"minecraft:picked_up":{"minecraft:mangrove_log":6},"minecraft:custom":{"minecraft:jump":24,"minecraft:time_since_rest":13500,"minecraft:damage_taken":23,"minecraft:crouch_one_cm":441,"minecraft:walk_on_water_one_cm":4463,"minecraft:sprint_one_cm":1783,"minecraft:play_time":13500,"minecraft:time_since_death":13500,"minecraft:walk_one_cm":1799,"minecraft:sneak_time":409,"minecraft:climb_one_cm":72,"minecraft:total_world_time":13500,"minecraft:walk_under_water_one_cm":359,"minecraft:swim_one_cm":2704,"minecraft:fly_one_cm":2231}},"DataVersion":3465}