{"stats":{"minecraft:mined":{"minecraft:tall_seagrass":1,"minecraft:crafting_table":1,"psg:sulphur_ore":7,"minecraft:mangrove_leaves":11,"minecraft:grass":6,"minecraft:grass_block":3,"projectvibrantjourneys:short_grass":1,"minecraft:melon":3,"minecraft:jungle_log":3,"minecraft:dirt":7,"minecraft:mangrove_log":6,"minecraft:stone":16,"minecraft:lily_pad":1,"minecraft:oak_leaves":1,"minecraft:fern":1},"minecraft:killed":{"minecraft:zombie":2,"minecraft:frog":1},"minecraft:crafted":{"minecraft:crafting_table":2,"minecraft:stick":8,"minecraft:wooden_pickaxe":1,"minecraft:stone_pickaxe":1,"minecraft:stone_sword":1,"minecraft:furnace":1,"minecraft:mangrove_planks":24,"minecraft:stone_axe":1,"minecraft:jungle_planks":12},"minecraft:dropped":{"minecraft:wheat_seeds":1},"minecraft:used":{"minecraft:jungle_sapling":1,"minecraft:melon_slice":4,"minecraft:bread":5,"minecraft:stone_pickaxe":18,"minecraft:mangrove_planks":2,"minecraft:wooden_pickaxe":5,"marbledsarsenal:police_baton":19,"minecraft:stone_axe":1,"minecraft:dirt":6,"minecraft:crafting_table":1,"alexsmobs:animal_dictionary":1},"minecraft:picked_up":{"minecraft:stick":1,"minecraft:crafting_table":1,"minecraft:jungle_log":3,"psg:sulphur":27,"minecraft:lily_pad":1,"minecraft:spider_eye":1,"minecraft:dirt":9,"minecraft:bone":1,"minecraft:rotten_flesh":2,"minecraft:wheat_seeds":1,"minecraft:jungle_sapling":1,"minecraft:melon_slice":16,"minecraft:mangrove_log":6,"minecraft:cobblestone":16},"minecraft:custom":{"minecraft:time_since_rest":8120,"minecraft:sprint_one_cm":47944,"minecraft:damage_taken":544,"minecraft:walk_one_cm":12052,"minecraft:mob_kills":3,"minecraft:drop":1,"minecraft:damage_dealt":740,"minecraft:swim_one_cm":6384,"minecraft:interact_with_crafting_table":5,"minecraft:fly_one_cm":29925,"minecraft:crouch_one_cm":918,"minecraft:play_time":25500,"minecraft:deaths":1,"minecraft:sneak_time":775,"minecraft:walk_under_water_one_cm":1516,"minecraft:jump":266,"minecraft:damage_dealt_resisted":6,"minecraft:walk_on_water_one_cm":19788,"minecraft:time_since_death":8081,"minecraft:climb_one_cm":1794,"minecraft:total_world_time":25500,"minecraft:fall_one_cm":4457},"minecraft:killed_by":{"minecraft:zombie":1}},"DataVersion":3465}