{"stats":{"minecraft:mined":{"projectvibrantjourneys:light_brown_bark_mushroom":1,"minecraft:tall_seagrass":1,"minecraft:coarse_dirt":1,"alexsmobs:leafcutter_anthill":1,"projectvibrantjourneys:rocks":1,"minecraft:crafting_table":1,"psg:sulphur_ore":7,"minecraft:mangrove_leaves":11,"minecraft:grass":8,"projectvibrantjourneys:twigs":2,"minecraft:grass_block":6,"projectvibrantjourneys:short_grass":1,"minecraft:melon":9,"projectvibrantjourneys:jungle_hollow_log":1,"minecraft:jungle_log":3,"minecraft:dirt":17,"minecraft:mangrove_log":6,"minecraft:tall_grass":1,"minecraft:stone":16,"minecraft:lily_pad":1,"minecraft:moss_block":1,"minecraft:oak_leaves":1,"minecraft:fern":2},"minecraft:killed":{"minecraft:zombie":2,"alexsmobs:leafcutter_ant":2,"minecraft:frog":1,"minecraft:ocelot":1},"minecraft:crafted":{"minecraft:crafting_table":2,"minecraft:stick":8,"minecraft:wooden_pickaxe":1,"minecraft:stone_pickaxe":1,"minecraft:stone_sword":1,"minecraft:furnace":1,"minecraft:mangrove_planks":24,"minecraft:stone_axe":1,"minecraft:jungle_planks":14},"minecraft:dropped":{"minecraft:wheat_seeds":3},"minecraft:used":{"minecraft:jungle_sapling":1,"projectvibrantjourneys:rocks":1,"minecraft:melon_slice":16,"minecraft:bread":5,"minecraft:stone_pickaxe":18,"minecraft:mangrove_planks":2,"minecraft:wooden_pickaxe":5,"marbledsarsenal:police_baton":19,"minecraft:stone_axe":21,"minecraft:dirt":8,"minecraft:crafting_table":1,"minecraft:jungle_planks":3,"alexsmobs:animal_dictionary":1},"minecraft:picked_up":{"minecraft:coarse_dirt":1,"projectvibrantjourneys:light_brown_bark_mushroom":1,"minecraft:stick":5,"minecraft:crafting_table":1,"minecraft:jungle_log":3,"minecraft:brown_mushroom":1,"psg:sulphur":27,"minecraft:lily_pad":1,"projectvibrantjourneys:rocks":1,"minecraft:spider_eye":1,"minecraft:dirt":19,"minecraft:bone":1,"minecraft:rotten_flesh":2,"projectvibrantjourneys:jungle_hollow_log":1,"minecraft:wheat_seeds":3,"minecraft:moss_block":1,"minecraft:jungle_sapling":1,"projectvibrantjourneys:orange_bark_mushroom":1,"minecraft:melon_slice":44,"minecraft:mangrove_log":6,"minecraft:cobblestone":16},"minecraft:custom":{"minecraft:time_since_rest":32120,"minecraft:sprint_one_cm":80106,"minecraft:damage_taken":684,"minecraft:walk_one_cm":20204,"minecraft:mob_kills":6,"minecraft:drop":3,"minecraft:damage_dealt":1195,"minecraft:swim_one_cm":18444,"minecraft:interact_with_crafting_table":5,"minecraft:fly_one_cm":78184,"minecraft:crouch_one_cm":1759,"minecraft:play_time":49500,"minecraft:deaths":1,"minecraft:sneak_time":1420,"minecraft:walk_under_water_one_cm":2300,"minecraft:jump":518,"minecraft:damage_dealt_resisted":6,"minecraft:walk_on_water_one_cm":21742,"minecraft:time_since_death":32081,"minecraft:climb_one_cm":2218,"minecraft:total_world_time":49500,"minecraft:fall_one_cm":12756},"minecraft:killed_by":{"minecraft:zombie":1}},"DataVersion":3465}