{"stats":{"minecraft:mined":{"alexsmobs:leafcutter_anthill":1,"projectvibrantjourneys:rocks":1,"psg:sulphur_ore":7,"minecraft:crafting_table":1,"projectvibrantjourneys:twigs":3,"minecraft:grass_block":10,"minecraft:melon":9,"minecraft:jungle_planks":1,"minecraft:jungle_log":3,"minecraft:tall_grass":2,"minecraft:lily_pad":1,"minecraft:moss_block":1,"projectvibrantjourneys:light_brown_bark_mushroom":1,"minecraft:tall_seagrass":2,"minecraft:coarse_dirt":1,"minecraft:mud":1,"minecraft:mangrove_leaves":11,"minecraft:grass":10,"minecraft:oak_log":1,"projectvibrantjourneys:short_grass":1,"projectvibrantjourneys:jungle_hollow_log":1,"minecraft:dirt":18,"minecraft:mangrove_log":6,"minecraft:stone":16,"minecraft:oak_leaves":1,"minecraft:fern":2},"minecraft:killed":{"hordes:zombie_player":1,"minecraft:frog":1,"minecraft:zombie":4,"alexsmobs:leafcutter_ant":2,"minecraft:drowned":1,"minecraft:ocelot":1},"minecraft:crafted":{"minecraft:crafting_table":2,"minecraft:wooden_pickaxe":1,"minecraft:furnace":1,"minecraft:mangrove_planks":24,"minecraft:stone_axe":1,"minecraft:jungle_planks":14,"ecologics:surface_moss":9,"minecraft:stick":8,"minecraft:stone_pickaxe":1,"minecraft:stone_sword":1},"minecraft:dropped":{"minecraft:wheat_seeds":3,"minecraft:coarse_dirt":1,"minecraft:mangrove_propagule":1,"projectvibrantjourneys:orange_bark_mushroom":1,"pointblank:gunmetal_nugget":5,"projectvibrantjourneys:light_brown_bark_mushroom":1,"ecologics:surface_moss":9},"minecraft:used":{"projectvibrantjourneys:rocks":1,"minecraft:stone_pickaxe":18,"minecraft:mangrove_planks":2,"minecraft:wooden_pickaxe":5,"minecraft:brown_mushroom":1,"minecraft:rotten_flesh":5,"minecraft:dirt":15,"minecraft:crafting_table":1,"minecraft:jungle_planks":3,"minecraft:jungle_sapling":1,"minecraft:mud":1,"minecraft:melon_slice":44,"minecraft:bread":5,"marbledsarsenal:police_baton":19,"minecraft:stone_axe":36,"alexsmobs:animal_dictionary":1},"minecraft:picked_up":{"minecraft:mud":1,"minecraft:coarse_dirt":2,"minecraft:crafting_table":1,"minecraft:jungle_log":7,"minecraft:brown_mushroom":1,"minecraft:oak_log":1,"minecraft:lily_pad":1,"projectvibrantjourneys:rocks":1,"marbledsarsenal:cm6m_gas_mask":1,"minecraft:string":1,"minecraft:dirt":32,"minecraft:leather_boots":1,"minecraft:bone":2,"minecraft:wheat_seeds":5,"projectvibrantjourneys:jungle_hollow_log":1,"minecraft:jungle_sapling":1,"minecraft:moss_block":2,"minecraft:melon_slice":44,"minecraft:mangrove_log":6,"projectvibrantjourneys:light_brown_bark_mushroom":1,"minecraft:stick":7,"marbledsarsenal:police_baton":1,"minecraft:jungle_planks":1,"psg:sulphur":27,"pointblank:gunmetal_nugget":17,"minecraft:ink_sac":3,"minecraft:spider_eye":1,"alexsmobs:animal_dictionary":1,"pointblank:ammo45acp":11,"pointblank:m1911a1":1,"minecraft:rotten_flesh":7,"projectvibrantjourneys:orange_bark_mushroom":1,"projectvibrantjourneys:twigs":2,"minecraft:mangrove_propagule":1,"minecraft:cobblestone":16},"minecraft:custom":{"minecraft:mob_kills":10,"minecraft:interact_with_crafting_table":5,"minecraft:damage_dealt_resisted":41,"minecraft:leave_game":2,"minecraft:time_since_death":6535,"minecraft:climb_one_cm":3502,"minecraft:time_since_rest":6643,"minecraft:sprint_one_cm":111686,"minecraft:damage_taken":1354,"minecraft:walk_one_cm":44064,"minecraft:drop":9,"minecraft:damage_dealt":1721,"minecraft:swim_one_cm":24596,"minecraft:fly_one_cm":115566,"minecraft:crouch_one_cm":3858,"minecraft:play_time":99177,"minecraft:deaths":2,"minecraft:sneak_time":2364,"minecraft:walk_under_water_one_cm":3046,"minecraft:jump":766,"minecraft:walk_on_water_one_cm":26004,"minecraft:total_world_time":99177,"minecraft:fall_one_cm":19200},"minecraft:killed_by":{"minecraft:zombie":2}},"DataVersion":3465}