{"stats":{"minecraft:mined":{"minecraft:coarse_dirt":1,"minecraft:grass":3,"minecraft:grass_block":2,"projectvibrantjourneys:short_grass":1,"minecraft:vine":1,"minecraft:jungle_log":4,"minecraft:dirt":5,"minecraft:moss_block":1,"minecraft:mangrove_propagule":1},"minecraft:killed":{"minecraft:zombie":6,"minecraft:salmon":1,"minecraft:drowned":1,"minecraft:squid":1},"minecraft:dropped":{"minecraft:bread":2,"alexsmobs:animal_dictionary":1,"marbledsarsenal:police_baton":3,"pointblank:m1911a1":2},"minecraft:used":{"minecraft:bread":9,"marbledsarsenal:police_baton":13,"minecraft:dirt":2},"minecraft:picked_up":{"minecraft:coarse_dirt":1,"marbledsarsenal:police_baton":3,"minecraft:jungle_log":4,"pointblank:gunmetal_nugget":9,"minecraft:ink_sac":3,"alexsmobs:animal_dictionary":1,"minecraft:dirt":11,"minecraft:string":1,"pointblank:m1911a1":2,"minecraft:bone":1,"minecraft:rotten_flesh":2,"minecraft:wheat_seeds":2,"minecraft:bread":2,"projectvibrantjourneys:twigs":2,"minecraft:moss_block":1},"minecraft:custom":{"minecraft:time_since_rest":14347,"minecraft:sprint_one_cm":2094,"minecraft:damage_taken":380,"minecraft:walk_one_cm":44337,"minecraft:mob_kills":9,"minecraft:drop":8,"minecraft:damage_dealt":92,"minecraft:fly_one_cm":4697,"minecraft:crouch_one_cm":1617,"minecraft:play_time":81484,"minecraft:deaths":1,"minecraft:sneak_time":1201,"minecraft:walk_under_water_one_cm":1265,"minecraft:jump":143,"minecraft:damage_dealt_resisted":20,"minecraft:leave_game":1,"minecraft:walk_on_water_one_cm":18945,"minecraft:time_since_death":14310,"minecraft:climb_one_cm":3468,"minecraft:total_world_time":81484,"minecraft:fall_one_cm":2287},"minecraft:killed_by":{"minecraft:drowned":1}},"DataVersion":3465}