{"stats":{"minecraft:mined":{"minecraft:grass":2,"minecraft:dirt":2,"minecraft:mangrove_propagule":1},"minecraft:killed":{"minecraft:squid":1},"minecraft:dropped":{"alexsmobs:animal_dictionary":1},"minecraft:used":{"marbledsarsenal:police_baton":4},"minecraft:picked_up":{"minecraft:wheat_seeds":2,"minecraft:ink_sac":3,"projectvibrantjourneys:twigs":2,"minecraft:dirt":5,"alexsmobs:animal_dictionary":1},"minecraft:custom":{"minecraft:time_since_rest":29808,"minecraft:crouch_one_cm":923,"minecraft:play_time":29808,"minecraft:sprint_one_cm":2094,"minecraft:damage_taken":20,"minecraft:walk_one_cm":29041,"minecraft:sneak_time":431,"minecraft:walk_under_water_one_cm":1265,"minecraft:mob_kills":1,"minecraft:drop":1,"minecraft:jump":121,"minecraft:time_since_death":29808,"minecraft:walk_on_water_one_cm":18945,"minecraft:total_world_time":29808,"minecraft:climb_one_cm":2168,"minecraft:fall_one_cm":2287,"minecraft:fly_one_cm":4506}},"DataVersion":3465}