{"stats":{"minecraft:mined":{"minecraft:grass":3,"minecraft:grass_block":1,"minecraft:coarse_dirt":1,"minecraft:dirt":5,"minecraft:moss_block":1,"minecraft:mangrove_propagule":1},"minecraft:killed":{"minecraft:zombie":2,"minecraft:squid":1},"minecraft:dropped":{"alexsmobs:animal_dictionary":1,"pointblank:m1911a1":1,"marbledsarsenal:police_baton":2},"minecraft:used":{"minecraft:dirt":2,"marbledsarsenal:police_baton":13},"minecraft:picked_up":{"minecraft:coarse_dirt":1,"pointblank:m1911a1":1,"minecraft:bone":1,"marbledsarsenal:police_baton":2,"minecraft:rotten_flesh":2,"minecraft:wheat_seeds":2,"pointblank:gunmetal_nugget":6,"minecraft:ink_sac":3,"minecraft:moss_block":1,"projectvibrantjourneys:twigs":2,"minecraft:dirt":10,"alexsmobs:animal_dictionary":1},"minecraft:custom":{"minecraft:time_since_rest":41808,"minecraft:crouch_one_cm":984,"minecraft:play_time":41808,"minecraft:sprint_one_cm":2094,"minecraft:damage_taken":48,"minecraft:walk_one_cm":33907,"minecraft:sneak_time":456,"minecraft:walk_under_water_one_cm":1265,"minecraft:mob_kills":3,"minecraft:drop":4,"minecraft:jump":124,"minecraft:damage_dealt":92,"minecraft:time_since_death":41808,"minecraft:walk_on_water_one_cm":18945,"minecraft:total_world_time":41808,"minecraft:climb_one_cm":3368,"minecraft:fall_one_cm":2287,"minecraft:fly_one_cm":4546}},"DataVersion":3465}