{"stats":{"minecraft:mined":{"minecraft:mangrove_propagule":1},"minecraft:dropped":{"alexsmobs:animal_dictionary":1},"minecraft:custom":{"minecraft:jump":50,"minecraft:time_since_rest":5808,"minecraft:crouch_one_cm":305,"minecraft:walk_on_water_one_cm":9758,"minecraft:play_time":5808,"minecraft:damage_taken":10,"minecraft:time_since_death":5808,"minecraft:walk_one_cm":12290,"minecraft:sneak_time":61,"minecraft:climb_one_cm":1458,"minecraft:total_world_time":5808,"minecraft:walk_under_water_one_cm":595,"minecraft:drop":1,"minecraft:fall_one_cm":544,"minecraft:fly_one_cm":267}},"DataVersion":3465}